"Guid","AccountNumber","AccountSource","Active__c","AnnualRevenue","BillingCity","BillingCountry","BillingGeocodeAccuracy","BillingLatitude","BillingLongitude","BillingPostalCode","BillingState","BillingStreet","CustomerPriority__c","Description","DunsNumber","Fax","Industry","Jigsaw","NaicsCode","NaicsDesc","Name","NumberOfEmployees","NumberofLocations__c","Ownership","Phone","Rating","SBQQ__AssetQuantitiesCombined__c","SBQQ__CoTermedContractsCombined__c","SBQQ__CoTerminationEvent__c","SBQQ__ContractCoTermination__c","SBQQ__IgnoreParentContractedPrices__c","SBQQ__PreserveBundle__c","SBQQ__PriceHoldEnd__c","SBQQ__RenewalModel__c","SBQQ__RenewalPricingMethod__c","SBQQ__TaxExempt__c","SLAExpirationDate__c","SLASerialNumber__c","SLA__c","ShippingCity","ShippingCountry","ShippingGeocodeAccuracy","ShippingLatitude","ShippingLongitude","ShippingPostalCode","ShippingState","ShippingStreet","Sic","SicDesc","Site","TickerSymbol","Tradestyle","Type","UpsellOpportunity__c","Website","YearStarted"
06bd9125-ba6d-4b2e-b930-c374533db21e,CC978213,"#N/A",Yes,3.0E7,Mountain View,"#N/A","#N/A","#N/A","#N/A","#N/A",CA,"345 Shoreline Park
Mountain View, CA 94043
USA",Low,Genomics company engaged in mapping and sequencing of the human genome and developing gene-based drugs,"#N/A",(650) 867-9895,Biotechnology,"#N/A","#N/A","#N/A",GenePoint,265,1.0,Private,(650) 867-3450,Cold,2019-10-30,7324,Bronze,"#N/A","#N/A","#N/A","#N/A","#N/A","#N/A","#N/A","345 Shoreline Park
Mountain View, CA 94043
USA",3712,"#N/A","#N/A","#N/A","#N/A",Customer - Channel,Yes,www.genepoint.com,"#N/A"
0751cf5e-271a-4d87-b81d-4a435d588529,CD451796,"#N/A",Yes,1.39E8,Austin,"#N/A","#N/A","#N/A","#N/A","#N/A",TX,"312 Constitution Place
Austin, TX 78767
USA",Medium,"Edge, founded in 1998, is a start-up based in Austin, TX. The company designs and manufactures a device to convert music from one digital format to another. Edge sells its product through retailers and its own website.","#N/A",(512) 757-9000,Electronics,"#N/A","#N/A","#N/A",Edge Communications,1000,2.0,Public,(512) 757-6000,Hot,false,false,"#N/A","#N/A",false,false,"#N/A","#N/A","#N/A","#N/A",2019-04-07,2657,Silver,"#N/A","#N/A","#N/A","#N/A","#N/A","#N/A","#N/A","312 Constitution Place
Austin, TX 78767
USA",6576,"#N/A","#N/A",EDGE,"#N/A",Customer - Direct,Maybe,http://edgecomm.com,"#N/A"
079f3e77-3485-4c96-be89-af3f3c2585a5,"#N/A","#N/A","#N/A","#N/A",San Francisco,US,"#N/A","#N/A","#N/A",94087,CA,The Landmark @ One Market,"#N/A","#N/A","#N/A",(415) 901-7002,"#N/A","#N/A","#N/A","#N/A",sForce,"#N/A","#N/A","#N/A",(415) 901-7000,"#N/A","#N/A","#N/A","#N/A","#N/A","#N/A","#N/A","#N/A","#N/A","#N/A","#N/A","#N/A","#N/A","#N/A","#N/A","#N/A","#N/A","#N/A","#N/A",www.sforce.com,"#N/A"
0842b970-07e5-41bc-ae38-a66f65ef6f21,CD439877,"#N/A",Yes,5.0E8,Chicago,"#N/A","#N/A","#N/A","#N/A","#N/A",IL,"2334 N. Michigan Avenue, Suite 1500
Chicago, IL 60601, USA",High,"Chain of hotels and resorts across the US, UK, Eastern Europe, Japan, and SE Asia.","#N/A",(312) 596-1500,Hospitality,"#N/A","#N/A","#N/A",Grand Hotels & Resorts Ltd,5600,57.0,Public,(312) 596-1000,Warm,2019-10-08,5572,Gold,"#N/A","#N/A","#N/A","#N/A","#N/A","#N/A","#N/A","2334 N. Michigan Avenue, Suite 1500
Chicago, IL 60601, USA",2268,"#N/A","#N/A",GHTL,"#N/A",Customer - Direct,Yes,www.grandhotels.com,"#N/A"
08d5eb6e-8bca-4073-bcfe-75bc9dc0b136,CD355119-A,"#N/A",Yes,"#N/A","#N/A","#N/A","#N/A","#N/A","#N/A","#N/A",UK,"Kings Park, 17th Avenue, Team Valley Trading Estate,
Gateshead, Tyne and Wear NE26 3HS
United Kingdom",High,"#N/A","#N/A",+44 191 4956620,Energy,"#N/A","#N/A","#N/A","United Oil & Gas, UK",24000,34.0,Public,+44 191 4956203,"#N/A",2019-04-07,3479,Platinum,"#N/A","#N/A","#N/A","#N/A","#N/A","#N/A","#N/A","Kings Park, 17th Avenue, Team Valley Trading Estate,
Gateshead, Tyne and Wear NE26 3HS
United Kingdom",4437,"#N/A","#N/A",UOS,"#N/A",Customer - Direct,No,http://www.uos.com,"#N/A"
09b9a85b-85f7-46a2-86f7-f65fdff99076,CD355118,"#N/A",Yes,5.6E9,New York,"#N/A","#N/A","#N/A","#N/A","#N/A",NY,"1301 Avenue of the Americas 
New York, NY 10019
USA",High,World's third largest oil and gas company.,"#N/A",(212) 842-5501,Energy,"#N/A","#N/A","#N/A",United Oil & Gas Corp.,145000,955.0,Public,(212) 842-5500,Hot,2019-10-08,6654,Platinum,"#N/A","#N/A","#N/A","#N/A","#N/A","#N/A","#N/A","1301 Avenue of the Americas 
New York, NY 10019
USA",4437,"#N/A","#N/A",UOS,"#N/A",Customer - Direct,Yes,http://www.uos.com,"#N/A"
0a199f22-f69f-4078-8c33-53d15c7dd065,CC634267,"#N/A",Yes,5.0E7,Lawrence,USA,"#N/A","#N/A","#N/A",66045,KS,1301 Hoch Drive,Low,"#N/A","#N/A",(785) 241-6201,Consulting,"#N/A","#N/A","#N/A",Dickenson plc,120,2.0,Private,(785) 241-6200,"#N/A",2019-10-08,7425,Bronze,Lawrence,USA,"#N/A","#N/A","#N/A",66045,KS,1301 Hoch Drive,6752,"#N/A","#N/A","#N/A","#N/A",Customer - Channel,No,dickenson-consulting.com,"#N/A"
0a62f16d-1e4a-4c1e-b3c8-b3dde10d21b4,CD451796,"#N/A",Yes,1.39E8,Austin,"#N/A","#N/A","#N/A","#N/A","#N/A",TX,"312 Constitution Place
Austin, TX 78767
USA",Medium,"Edge, founded in 1998, is a start-up based in Austin, TX. The company designs and manufactures a device to convert music from one digital format to another. Edge sells its product through retailers and its own website.","#N/A",(512) 757-9000,Electronics,"#N/A","#N/A","#N/A",Edge Communications,1000,2.0,Public,(512) 757-6000,Hot,2019-04-07,2657,Silver,"#N/A","#N/A","#N/A","#N/A","#N/A","#N/A","#N/A","312 Constitution Place
Austin, TX 78767
USA",6576,"#N/A","#N/A",EDGE,"#N/A",Customer - Direct,Maybe,http://edgecomm.com,"#N/A"
0aba52ae-8d3d-4c3d-aca6-81f0ade45a33,"#N/A","#N/A","#N/A","#N/A","#N/A","#N/A","#N/A","#N/A","#N/A","#N/A","#N/A","#N/A","#N/A","#N/A","#N/A","#N/A","#N/A","#N/A","#N/A","#N/A",testAcct,"#N/A","#N/A","#N/A","#N/A","#N/A","#N/A","#N/A","#N/A","#N/A","#N/A","#N/A","#N/A","#N/A","#N/A","#N/A","#N/A","#N/A","#N/A","#N/A","#N/A","#N/A","#N/A","#N/A","#N/A","#N/A"
0beefdf7-7160-46ea-86c8-1241a84ab335,"#N/A","#N/A","#N/A","#N/A","#N/A","#N/A","#N/A","#N/A","#N/A","#N/A","#N/A","#N/A","#N/A","#N/A","#N/A","#N/A","#N/A","#N/A","#N/A","#N/A",new account 1,"#N/A","#N/A","#N/A","#N/A","#N/A","#N/A","#N/A","#N/A","#N/A","#N/A","#N/A","#N/A","#N/A","#N/A","#N/A","#N/A","#N/A","#N/A","#N/A","#N/A","#N/A","#N/A","#N/A","#N/A","#N/A"
0ce46eba-f7dc-4186-a96b-ed43319e6a24,CD736025,"#N/A",Yes,"#N/A",Tucson,"#N/A","#N/A","#N/A","#N/A","#N/A",AZ,"888 N Euclid 
Hallis Center, Room 501
Tucson, AZ 85721
United States",Medium,"Leading university in AZ offering undergraduate and graduate programs in arts and humanities, pure sciences, engineering, business, and medicine.","#N/A",(520) 773-9060,Education,"#N/A","#N/A","#N/A",University of Arizona,39000,3.0,Other,(520) 773-9050,Warm,2019-04-07,8350,Gold,"#N/A","#N/A","#N/A","#N/A","#N/A","#N/A","#N/A","888 N Euclid 
Hallis Center, Room 501
Tucson, AZ 85721
United States",7321,"#N/A","#N/A","#N/A","#N/A",Customer - Direct,Yes,www.universityofarizona.com,"#N/A"
118ab234-4c4d-4619-a72d-d9e1e8fcab6b,CD451796,"#N/A",Yes,1.39E8,Austin,"#N/A","#N/A","#N/A","#N/A","#N/A",TX,"312 Constitution Place
Austin, TX 78767
USA",Medium,"Edge, founded in 1998, is a start-up based in Austin, TX. The company designs and manufactures a device to convert music from one digital format to another. Edge sells its product through retailers and its own website.","#N/A",(512) 757-9000,Electronics,"#N/A","#N/A","#N/A",Edge Communications,1000,2.0,Public,(512) 757-6000,Hot,2019-04-07,2657,Silver,"#N/A","#N/A","#N/A","#N/A","#N/A","#N/A","#N/A","312 Constitution Place
Austin, TX 78767
USA",6576,"#N/A","#N/A",EDGE,"#N/A",Customer - Direct,Maybe,http://edgecomm.com,"#N/A"
134bc256-88f6-429e-9bc8-975b14bfc6d1,CC634267,"#N/A",Yes,5.0E7,Lawrence,USA,"#N/A","#N/A","#N/A",66045,KS,1301 Hoch Drive,Low,"#N/A","#N/A",(785) 241-6201,Consulting,"#N/A","#N/A","#N/A",Dickenson plc,120,2.0,Private,(785) 241-6200,"#N/A",2019-10-08,7425,Bronze,Lawrence,USA,"#N/A","#N/A","#N/A",66045,KS,1301 Hoch Drive,6752,"#N/A","#N/A","#N/A","#N/A",Customer - Channel,No,dickenson-consulting.com,"#N/A"
1977d782-f315-4bd4-baf4-d35e015f81c5,CD439877,"#N/A",Yes,5.0E8,Chicago,"#N/A","#N/A","#N/A","#N/A","#N/A",IL,"2334 N. Michigan Avenue, Suite 1500
Chicago, IL 60601, USA",High,"Chain of hotels and resorts across the US, UK, Eastern Europe, Japan, and SE Asia.","#N/A",(312) 596-1500,Hospitality,"#N/A","#N/A","#N/A",Grand Hotels & Resorts Ltd,5600,57.0,Public,(312) 596-1000,Warm,2019-10-08,5572,Gold,"#N/A","#N/A","#N/A","#N/A","#N/A","#N/A","#N/A","2334 N. Michigan Avenue, Suite 1500
Chicago, IL 60601, USA",2268,"#N/A","#N/A",GHTL,"#N/A",Customer - Direct,Yes,www.grandhotels.com,"#N/A"
19b5e233-224d-447b-bc26-4ccd3fb4a276,CD656092,"#N/A","#N/A",3.5E8,Burlington,USA,"#N/A","#N/A","#N/A",27215,NC,525 S. Lexington Ave,"#N/A","#N/A","#N/A",(336) 222-8000,Apparel,"#N/A","#N/A","#N/A",Burlington Textiles Corp of America,9000,6.0,Public,(336) 222-7000,Warm,false,false,"#N/A","#N/A",false,false,"#N/A","#N/A","#N/A","#N/A",2019-04-07,5367,Silver,"#N/A","#N/A","#N/A","#N/A","#N/A","#N/A","#N/A","#N/A",546732,"#N/A","#N/A",BTXT,"#N/A",Customer - Direct,Maybe,www.burlington.com,"#N/A"
19b88789-7f6b-4cf2-9ae2-2a67cddeb9c0,CC213425,"#N/A",Yes,9.5E8,Paris,France,"#N/A","#N/A","#N/A",75251,"#N/A",2 Place Jussieu,"#N/A","#N/A","#N/A",(014) 427-4428,Construction,"#N/A","#N/A","#N/A",Pyramid Construction Inc.,2680,17.0,Public,(014) 427-4427,"#N/A",2019-10-08,9840,Silver,Paris,France,"#N/A","#N/A","#N/A",75251,"#N/A",2 Place Jussieu,4253,"#N/A","#N/A",PYR,"#N/A",Customer - Channel,Maybe,www.pyramid.com,"#N/A"
1f3b054a-4da5-4575-ad2b-896db173075f,CC634267,"#N/A",Yes,5.0E7,Lawrence,USA,"#N/A","#N/A","#N/A",66045,KS,1301 Hoch Drive,Low,"#N/A","#N/A",(785) 241-6201,Consulting,"#N/A","#N/A","#N/A",Dickenson plc,120,2.0,Private,(785) 241-6200,"#N/A",2019-10-08,7425,Bronze,Lawrence,USA,"#N/A","#N/A","#N/A",66045,KS,1301 Hoch Drive,6752,"#N/A","#N/A","#N/A","#N/A",Customer - Channel,No,dickenson-consulting.com,"#N/A"
20e0c7a8-3736-4951-96a3-c35f3de33da8,CC947211,"#N/A",Yes,9.5E8,Portland,"#N/A","#N/A","#N/A","#N/A","#N/A",OR,"620 SW 5th Avenue Suite 400
Portland, Oregon 97204
United States",Medium,Commerical logistics and transportation company.,"#N/A",(503) 421-7801,Transportation,"#N/A","#N/A","#N/A",Express Logistics and Transport,12300,150.0,Public,(503) 421-7800,Cold,2019-10-08,4724,Platinum,"#N/A","#N/A","#N/A","#N/A","#N/A","#N/A","#N/A","620 SW 5th Avenue Suite 400
Portland, Oregon 97204
United States",8742,"#N/A","#N/A",EXLT,"#N/A",Customer - Channel,Maybe,www.expressl&t.net,"#N/A"
26282a44-18ee-40ce-9faa-8a45a339d4cb,CD736025,"#N/A",Yes,"#N/A",Tucson,"#N/A","#N/A","#N/A","#N/A","#N/A",AZ,"888 N Euclid 
Hallis Center, Room 501
Tucson, AZ 85721
United States",Medium,"Leading university in AZ offering undergraduate and graduate programs in arts and humanities, pure sciences, engineering, business, and medicine.","#N/A",(520) 773-9060,Education,"#N/A","#N/A","#N/A",University of Arizona,39000,3.0,Other,(520) 773-9050,Warm,2019-04-29,8350,Gold,"#N/A","#N/A","#N/A","#N/A","#N/A","#N/A","#N/A","888 N Euclid 
Hallis Center, Room 501
Tucson, AZ 85721
United States",7321,"#N/A","#N/A","#N/A","#N/A",Customer - Direct,Yes,www.universityofarizona.com,"#N/A"
279261bc-c54a-4016-8b03-9d89f15f5275,CD451796,"#N/A",Yes,1.39E8,Austin,"#N/A","#N/A","#N/A","#N/A","#N/A",TX,"312 Constitution Place
Austin, TX 78767
USA",Medium,"Edge, founded in 1998, is a start-up based in Austin, TX. The company designs and manufactures a device to convert music from one digital format to another. Edge sells its product through retailers and its own website.","#N/A",(512) 757-9000,Electronics,"#N/A","#N/A","#N/A",Edge Communications,1000,2.0,Public,(512) 757-6000,Hot,2019-04-07,2657,Silver,"#N/A","#N/A","#N/A","#N/A","#N/A","#N/A","#N/A","312 Constitution Place
Austin, TX 78767
USA",6576,"#N/A","#N/A",EDGE,"#N/A",Customer - Direct,Maybe,http://edgecomm.com,"#N/A"
29216940-55b4-4f92-80bb-b88d109df927,CD656092,"#N/A","#N/A",3.5E8,Burlington,USA,"#N/A","#N/A","#N/A",27215,NC,525 S. Lexington Ave,"#N/A","#N/A","#N/A",(336) 222-8000,Apparel,"#N/A","#N/A","#N/A",Burlington Textiles Corp of America,9000,6.0,Public,(336) 222-7000,Warm,2019-04-07,5367,Silver,"#N/A","#N/A","#N/A","#N/A","#N/A","#N/A","#N/A","#N/A",546732,"#N/A","#N/A",BTXT,"#N/A",Customer - Direct,Maybe,www.burlington.com,"#N/A"
30502876-093b-4bd1-ad23-7448f8bbd060,CC634267,"#N/A",Yes,5.0E7,Lawrence,USA,"#N/A","#N/A","#N/A",66045,KS,1301 Hoch Drive,Low,"#N/A","#N/A",(785) 241-6201,Consulting,"#N/A","#N/A","#N/A",Dickenson plc,120,2.0,Private,(785) 241-6200,"#N/A",2019-10-30,7425,Bronze,Lawrence,USA,"#N/A","#N/A","#N/A",66045,KS,1301 Hoch Drive,6752,"#N/A","#N/A","#N/A","#N/A",Customer - Channel,No,dickenson-consulting.com,"#N/A"
316a02a9-2563-4460-b940-c0789ba5fdad,CD355120-B,"#N/A",Yes,"#N/A",Singapore,"#N/A","#N/A","#N/A","#N/A","#N/A",Singapore,"9 Tagore Lane
Singapore, Singapore 787472
Singapore",High,"#N/A","#N/A",(650) 450-8820,Energy,"#N/A","#N/A","#N/A","United Oil & Gas, Singapore",3000,6.0,Public,(650) 450-8810,"#N/A",2019-10-30,2457,Platinum,"#N/A","#N/A","#N/A","#N/A","#N/A","#N/A","#N/A","9 Tagore Lane
Singapore, Singapore 787472
Singapore",4437,"#N/A","#N/A",UOS,"#N/A",Customer - Direct,Maybe,http://www.uos.com,"#N/A"
32a82ce1-ff57-407d-a2ab-3037cadff8fd,CD736025,"#N/A",Yes,"#N/A",Tucson,"#N/A","#N/A","#N/A","#N/A","#N/A",AZ,"888 N Euclid 
Hallis Center, Room 501
Tucson, AZ 85721
United States",Medium,"Leading university in AZ offering undergraduate and graduate programs in arts and humanities, pure sciences, engineering, business, and medicine.","#N/A",(520) 773-9060,Education,"#N/A","#N/A","#N/A",University of Arizona,39000,3.0,Other,(520) 773-9050,Warm,2019-04-07,8350,Gold,"#N/A","#N/A","#N/A","#N/A","#N/A","#N/A","#N/A","888 N Euclid 
Hallis Center, Room 501
Tucson, AZ 85721
United States",7321,"#N/A","#N/A","#N/A","#N/A",Customer - Direct,Yes,www.universityofarizona.com,"#N/A"
340c4647-2c52-4f97-943a-2075ca8cdbef,CD656092,"#N/A","#N/A",3.5E8,Burlington,USA,"#N/A","#N/A","#N/A",27215,NC,525 S. Lexington Ave,"#N/A","#N/A","#N/A",(336) 222-8000,Apparel,"#N/A","#N/A","#N/A",Burlington Textiles Corp of America,9000,6.0,Public,(336) 222-7000,Warm,2019-04-07,5367,Silver,"#N/A","#N/A","#N/A","#N/A","#N/A","#N/A","#N/A","#N/A",546732,"#N/A","#N/A",BTXT,"#N/A",Customer - Direct,Maybe,www.burlington.com,"#N/A"
37f12d2c-727a-4e81-9ff7-4cb75accad3f,CD656092,"#N/A","#N/A",3.5E8,Burlington,USA,"#N/A","#N/A","#N/A",27215,NC,525 S. Lexington Ave,"#N/A","#N/A","#N/A",(336) 222-8000,Apparel,"#N/A","#N/A","#N/A",Burlington Textiles Corp of America,9000,6.0,Public,(336) 222-7000,Warm,2019-04-07,5367,Silver,"#N/A","#N/A","#N/A","#N/A","#N/A","#N/A","#N/A","#N/A",546732,"#N/A","#N/A",BTXT,"#N/A",Customer - Direct,Maybe,www.burlington.com,"#N/A"
38822507-8930-4a06-87bd-0ab1c5451a4e,CD736025,"#N/A",Yes,"#N/A",Tucson,"#N/A","#N/A","#N/A","#N/A","#N/A",AZ,"888 N Euclid 
Hallis Center, Room 501
Tucson, AZ 85721
United States",Medium,"Leading university in AZ offering undergraduate and graduate programs in arts and humanities, pure sciences, engineering, business, and medicine.","#N/A",(520) 773-9060,Education,"#N/A","#N/A","#N/A",University of Arizona,39000,3.0,Other,(520) 773-9050,Warm,2019-04-07,8350,Gold,"#N/A","#N/A","#N/A","#N/A","#N/A","#N/A","#N/A","888 N Euclid 
Hallis Center, Room 501
Tucson, AZ 85721
United States",7321,"#N/A","#N/A","#N/A","#N/A",Customer - Direct,Yes,www.universityofarizona.com,"#N/A"
3dc40319-2034-4dab-8afa-0ecbb1558deb,CC978213,"#N/A",Yes,3.0E7,Mountain View,"#N/A","#N/A","#N/A","#N/A","#N/A",CA,"345 Shoreline Park
Mountain View, CA 94043
USA",Low,Genomics company engaged in mapping and sequencing of the human genome and developing gene-based drugs,"#N/A",(650) 867-9895,Biotechnology,"#N/A","#N/A","#N/A",GenePoint,265,1.0,Private,(650) 867-3450,Cold,2019-10-08,7324,Bronze,"#N/A","#N/A","#N/A","#N/A","#N/A","#N/A","#N/A","345 Shoreline Park
Mountain View, CA 94043
USA",3712,"#N/A","#N/A","#N/A","#N/A",Customer - Channel,Yes,www.genepoint.com,"#N/A"
4611de76-d91b-4c18-82f2-655ccbbf64c9,CC634267,"#N/A",Yes,5.0E7,Lawrence,USA,"#N/A","#N/A","#N/A",66045,KS,1301 Hoch Drive,Low,"#N/A","#N/A",(785) 241-6201,Consulting,"#N/A","#N/A","#N/A",Dickenson plc,120,2.0,Private,(785) 241-6200,"#N/A",false,false,"#N/A","#N/A",false,false,"#N/A","#N/A","#N/A","#N/A",2019-10-08,7425,Bronze,Lawrence,USA,"#N/A","#N/A","#N/A",66045,KS,1301 Hoch Drive,6752,"#N/A","#N/A","#N/A","#N/A",Customer - Channel,No,dickenson-consulting.com,"#N/A"
476d1288-3b66-4d39-88fa-93c496e59a70,CD355118,"#N/A",Yes,5.6E9,New York,"#N/A","#N/A","#N/A","#N/A","#N/A",NY,"1301 Avenue of the Americas 
New York, NY 10019
USA",High,World's third largest oil and gas company.,"#N/A",(212) 842-5501,Energy,"#N/A","#N/A","#N/A",United Oil & Gas Corp.,145000,955.0,Public,(212) 842-5500,Hot,false,false,"#N/A","#N/A",false,false,"#N/A","#N/A","#N/A","#N/A",2019-10-08,6654,Platinum,"#N/A","#N/A","#N/A","#N/A","#N/A","#N/A","#N/A","1301 Avenue of the Americas 
New York, NY 10019
USA",4437,"#N/A","#N/A",UOS,"#N/A",Customer - Direct,Yes,http://www.uos.com,"#N/A"
481266f2-e811-40d3-bae9-98cffe59273e,CD656092,"#N/A","#N/A",3.5E8,Burlington,USA,"#N/A","#N/A","#N/A",27215,NC,525 S. Lexington Ave,"#N/A","#N/A","#N/A",(336) 222-8000,Apparel,"#N/A","#N/A","#N/A",Burlington Textiles Corp of America,9000,6.0,Public,(336) 222-7000,Warm,2019-04-07,5367,Silver,"#N/A","#N/A","#N/A","#N/A","#N/A","#N/A","#N/A","#N/A",546732,"#N/A","#N/A",BTXT,"#N/A",Customer - Direct,Maybe,www.burlington.com,"#N/A"
49b1382b-6e45-49b9-bcc5-a8a0a3dbb97a,CD451796,"#N/A",Yes,1.39E8,Austin,"#N/A","#N/A","#N/A","#N/A","#N/A",TX,"312 Constitution Place
Austin, TX 78767
USA",Medium,"Edge, founded in 1998, is a start-up based in Austin, TX. The company designs and manufactures a device to convert music from one digital format to another. Edge sells its product through retailers and its own website.","#N/A",(512) 757-9000,Electronics,"#N/A","#N/A","#N/A",Edge Communications,1000,2.0,Public,(512) 757-6000,Hot,2019-04-07,2657,Silver,"#N/A","#N/A","#N/A","#N/A","#N/A","#N/A","#N/A","312 Constitution Place
Austin, TX 78767
USA",6576,"#N/A","#N/A",EDGE,"#N/A",Customer - Direct,Maybe,http://edgecomm.com,"#N/A"
4d5d8c42-d154-4e26-80cf-37d8ec7e1475,CD451796,"#N/A",Yes,1.39E8,Austin,"#N/A","#N/A","#N/A","#N/A","#N/A",TX,"312 Constitution Place
Austin, TX 78767
USA",Medium,"Edge, founded in 1998, is a start-up based in Austin, TX. The company designs and manufactures a device to convert music from one digital format to another. Edge sells its product through retailers and its own website.","#N/A",(512) 757-9000,Electronics,"#N/A","#N/A","#N/A",Edge Communications,1000,2.0,Public,(512) 757-6000,Hot,2019-04-07,2657,Silver,"#N/A","#N/A","#N/A","#N/A","#N/A","#N/A","#N/A","312 Constitution Place
Austin, TX 78767
USA",6576,"#N/A","#N/A",EDGE,"#N/A",Customer - Direct,Maybe,http://edgecomm.com,"#N/A"
4d702bfe-bbe4-4537-9415-0948aed9497e,"#N/A","#N/A","#N/A","#N/A","#N/A","#N/A","#N/A","#N/A","#N/A","#N/A","#N/A","#N/A","#N/A","#N/A","#N/A","#N/A","#N/A","#N/A","#N/A","#N/A",testAcct,"#N/A","#N/A","#N/A","#N/A","#N/A","#N/A","#N/A","#N/A","#N/A","#N/A","#N/A","#N/A","#N/A","#N/A","#N/A","#N/A","#N/A","#N/A","#N/A","#N/A","#N/A","#N/A","#N/A","#N/A","#N/A"
5193c130-2745-4b08-b366-16f30c3a3f50,"#N/A","#N/A","#N/A","#N/A","#N/A","#N/A","#N/A","#N/A","#N/A","#N/A","#N/A","#N/A","#N/A","#N/A","#N/A","#N/A","#N/A","#N/A","#N/A","#N/A",testAcct,"#N/A","#N/A","#N/A","#N/A","#N/A","#N/A","#N/A","#N/A","#N/A","#N/A","#N/A","#N/A","#N/A","#N/A","#N/A","#N/A","#N/A","#N/A","#N/A","#N/A","#N/A","#N/A","#N/A","#N/A","#N/A"
53bd8a3c-6300-4400-855a-137f20514dd8,CD355120-B,"#N/A",Yes,"#N/A",Singapore,"#N/A","#N/A","#N/A","#N/A","#N/A",Singapore,"9 Tagore Lane
Singapore, Singapore 787472
Singapore",High,"#N/A","#N/A",(650) 450-8820,Energy,"#N/A","#N/A","#N/A","United Oil & Gas, Singapore",3000,6.0,Public,(650) 450-8810,"#N/A",false,false,"#N/A","#N/A",false,false,"#N/A","#N/A","#N/A","#N/A",2019-10-08,2457,Platinum,"#N/A","#N/A","#N/A","#N/A","#N/A","#N/A","#N/A","9 Tagore Lane
Singapore, Singapore 787472
Singapore",4437,"#N/A","#N/A",UOS,"#N/A",Customer - Direct,Maybe,http://www.uos.com,"#N/A"
53fff94c-38bb-4fe0-919c-8a143a211ad6,CD656092,"#N/A","#N/A",3.5E8,Burlington,USA,"#N/A","#N/A","#N/A",27215,NC,525 S. Lexington Ave,"#N/A","#N/A","#N/A",(336) 222-8000,Apparel,"#N/A","#N/A","#N/A",Burlington Textiles Corp of America,9000,6.0,Public,(336) 222-7000,Warm,2019-04-07,5367,Silver,"#N/A","#N/A","#N/A","#N/A","#N/A","#N/A","#N/A","#N/A",546732,"#N/A","#N/A",BTXT,"#N/A",Customer - Direct,Maybe,www.burlington.com,"#N/A"
585598e4-3520-4d4c-b889-f872d981ce08,CD355119-A,"#N/A",Yes,"#N/A","#N/A","#N/A","#N/A","#N/A","#N/A","#N/A",UK,"Kings Park, 17th Avenue, Team Valley Trading Estate,
Gateshead, Tyne and Wear NE26 3HS
United Kingdom",High,"#N/A","#N/A",+44 191 4956620,Energy,"#N/A","#N/A","#N/A","United Oil & Gas, UK",24000,34.0,Public,+44 191 4956203,"#N/A",2019-04-07,3479,Platinum,"#N/A","#N/A","#N/A","#N/A","#N/A","#N/A","#N/A","Kings Park, 17th Avenue, Team Valley Trading Estate,
Gateshead, Tyne and Wear NE26 3HS
United Kingdom",4437,"#N/A","#N/A",UOS,"#N/A",Customer - Direct,No,http://www.uos.com,"#N/A"
585cdd86-0bf0-4e7a-b78c-9bb3b4f4a8f1,CD355120-B,"#N/A",Yes,"#N/A",Singapore,"#N/A","#N/A","#N/A","#N/A","#N/A",Singapore,"9 Tagore Lane
Singapore, Singapore 787472
Singapore",High,"#N/A","#N/A",(650) 450-8820,Energy,"#N/A","#N/A","#N/A","United Oil & Gas, Singapore",3000,6.0,Public,(650) 450-8810,"#N/A",2019-10-08,2457,Platinum,"#N/A","#N/A","#N/A","#N/A","#N/A","#N/A","#N/A","9 Tagore Lane
Singapore, Singapore 787472
Singapore",4437,"#N/A","#N/A",UOS,"#N/A",Customer - Direct,Maybe,http://www.uos.com,"#N/A"
58eb0214-14cd-486a-ad02-418a2d8733aa,CD355120-B,"#N/A",Yes,"#N/A",Singapore,"#N/A","#N/A","#N/A","#N/A","#N/A",Singapore,"9 Tagore Lane
Singapore, Singapore 787472
Singapore",High,"#N/A","#N/A",(650) 450-8820,Energy,"#N/A","#N/A","#N/A","United Oil & Gas, Singapore",3000,6.0,Public,(650) 450-8810,"#N/A",2019-10-08,2457,Platinum,"#N/A","#N/A","#N/A","#N/A","#N/A","#N/A","#N/A","9 Tagore Lane
Singapore, Singapore 787472
Singapore",4437,"#N/A","#N/A",UOS,"#N/A",Customer - Direct,Maybe,http://www.uos.com,"#N/A"
59f4ca44-0f6a-452b-9357-30464363cb73,CD355118,"#N/A",Yes,5.6E9,New York,"#N/A","#N/A","#N/A","#N/A","#N/A",NY,"1301 Avenue of the Americas 
New York, NY 10019
USA",High,World's third largest oil and gas company.,"#N/A",(212) 842-5501,Energy,"#N/A","#N/A","#N/A",United Oil & Gas Corp.,145000,955.0,Public,(212) 842-5500,Hot,2019-10-08,6654,Platinum,"#N/A","#N/A","#N/A","#N/A","#N/A","#N/A","#N/A","1301 Avenue of the Americas 
New York, NY 10019
USA",4437,"#N/A","#N/A",UOS,"#N/A",Customer - Direct,Yes,http://www.uos.com,"#N/A"
5c1289d0-0ab8-4887-a3fe-61ff08d478e0,CD451796,"#N/A",Yes,1.39E8,Austin,"#N/A","#N/A","#N/A","#N/A","#N/A",TX,"312 Constitution Place
Austin, TX 78767
USA",Medium,"Edge, founded in 1998, is a start-up based in Austin, TX. The company designs and manufactures a device to convert music from one digital format to another. Edge sells its product through retailers and its own website.","#N/A",(512) 757-9000,Electronics,"#N/A","#N/A","#N/A",Edge Communications,1000,2.0,Public,(512) 757-6000,Hot,2019-04-07,2657,Silver,"#N/A","#N/A","#N/A","#N/A","#N/A","#N/A","#N/A","312 Constitution Place
Austin, TX 78767
USA",6576,"#N/A","#N/A",EDGE,"#N/A",Customer - Direct,Maybe,http://edgecomm.com,"#N/A"
5ddc5206-b760-4441-9432-28b095bfa251,CC213425,"#N/A",Yes,9.5E8,Paris,France,"#N/A","#N/A","#N/A",75251,"#N/A",2 Place Jussieu,"#N/A","#N/A","#N/A",(014) 427-4428,Construction,"#N/A","#N/A","#N/A",Pyramid Construction Inc.,2680,17.0,Public,(014) 427-4427,"#N/A",2019-10-08,9840,Silver,Paris,France,"#N/A","#N/A","#N/A",75251,"#N/A",2 Place Jussieu,4253,"#N/A","#N/A",PYR,"#N/A",Customer - Channel,Maybe,www.pyramid.com,"#N/A"
5f4f1517-3c7a-413b-a580-3fe8b2c51c2d,CC213425,"#N/A",Yes,9.5E8,Paris,France,"#N/A","#N/A","#N/A",75251,"#N/A",2 Place Jussieu,"#N/A","#N/A","#N/A",(014) 427-4428,Construction,"#N/A","#N/A","#N/A",Pyramid Construction Inc.,2680,17.0,Public,(014) 427-4427,"#N/A",2019-10-30,9840,Silver,Paris,France,"#N/A","#N/A","#N/A",75251,"#N/A",2 Place Jussieu,4253,"#N/A","#N/A",PYR,"#N/A",Customer - Channel,Maybe,www.pyramid.com,"#N/A"
605491ff-f2f0-4e63-bad1-391f5d13f523,CC947211,"#N/A",Yes,9.5E8,Portland,"#N/A","#N/A","#N/A","#N/A","#N/A",OR,"620 SW 5th Avenue Suite 400
Portland, Oregon 97204
United States",Medium,Commerical logistics and transportation company.,"#N/A",(503) 421-7801,Transportation,"#N/A","#N/A","#N/A",Express Logistics and Transport,12300,150.0,Public,(503) 421-7800,Cold,2019-10-08,4724,Platinum,"#N/A","#N/A","#N/A","#N/A","#N/A","#N/A","#N/A","620 SW 5th Avenue Suite 400
Portland, Oregon 97204
United States",8742,"#N/A","#N/A",EXLT,"#N/A",Customer - Channel,Maybe,www.expressl&t.net,"#N/A"
60e4e64c-88e1-4658-8f99-ec5ab3d0fc4c,CD355120-B,"#N/A",Yes,"#N/A",Singapore,"#N/A","#N/A","#N/A","#N/A","#N/A",Singapore,"9 Tagore Lane
Singapore, Singapore 787472
Singapore",High,"#N/A","#N/A",(650) 450-8820,Energy,"#N/A","#N/A","#N/A","United Oil & Gas, Singapore",3000,6.0,Public,(650) 450-8810,"#N/A",2019-10-08,2457,Platinum,"#N/A","#N/A","#N/A","#N/A","#N/A","#N/A","#N/A","9 Tagore Lane
Singapore, Singapore 787472
Singapore",4437,"#N/A","#N/A",UOS,"#N/A",Customer - Direct,Maybe,http://www.uos.com,"#N/A"
625a446c-d7d1-4497-84af-7fcb707f879e,CD355120-B,"#N/A",Yes,"#N/A",Singapore,"#N/A","#N/A","#N/A","#N/A","#N/A",Singapore,"9 Tagore Lane
Singapore, Singapore 787472
Singapore",High,"#N/A","#N/A",(650) 450-8820,Energy,"#N/A","#N/A","#N/A","United Oil & Gas, Singapore",3000,6.0,Public,(650) 450-8810,"#N/A",2019-10-08,2457,Platinum,"#N/A","#N/A","#N/A","#N/A","#N/A","#N/A","#N/A","9 Tagore Lane
Singapore, Singapore 787472
Singapore",4437,"#N/A","#N/A",UOS,"#N/A",Customer - Direct,Maybe,http://www.uos.com,"#N/A"
647bb1f2-8d55-4a1f-90ad-96f28e945a43,CC213425,"#N/A",Yes,9.5E8,Paris,France,"#N/A","#N/A","#N/A",75251,"#N/A",2 Place Jussieu,"#N/A","#N/A","#N/A",(014) 427-4428,Construction,"#N/A","#N/A","#N/A",Pyramid Construction Inc.,2680,17.0,Public,(014) 427-4427,"#N/A",false,false,"#N/A","#N/A",false,false,"#N/A","#N/A","#N/A","#N/A",2019-10-08,9840,Silver,Paris,France,"#N/A","#N/A","#N/A",75251,"#N/A",2 Place Jussieu,4253,"#N/A","#N/A",PYR,"#N/A",Customer - Channel,Maybe,www.pyramid.com,"#N/A"
6592d926-41d1-46ba-a734-d7aaf570d09d,CD355119-A,"#N/A",Yes,"#N/A","#N/A","#N/A","#N/A","#N/A","#N/A","#N/A",UK,"Kings Park, 17th Avenue, Team Valley Trading Estate,
Gateshead, Tyne and Wear NE26 3HS
United Kingdom",High,"#N/A","#N/A",+44 191 4956620,Energy,"#N/A","#N/A","#N/A","United Oil & Gas, UK",24000,34.0,Public,+44 191 4956203,"#N/A",2019-04-07,3479,Platinum,"#N/A","#N/A","#N/A","#N/A","#N/A","#N/A","#N/A","Kings Park, 17th Avenue, Team Valley Trading Estate,
Gateshead, Tyne and Wear NE26 3HS
United Kingdom",4437,"#N/A","#N/A",UOS,"#N/A",Customer - Direct,No,http://www.uos.com,"#N/A"
661f4519-d564-4484-a999-804bb4e620f5,CD656092,"#N/A","#N/A",3.5E8,Burlington,USA,"#N/A","#N/A","#N/A",27215,NC,525 S. Lexington Ave,"#N/A","#N/A","#N/A",(336) 222-8000,Apparel,"#N/A","#N/A","#N/A",Burlington Textiles Corp of America,9000,6.0,Public,(336) 222-7000,Warm,2019-04-07,5367,Silver,"#N/A","#N/A","#N/A","#N/A","#N/A","#N/A","#N/A","#N/A",546732,"#N/A","#N/A",BTXT,"#N/A",Customer - Direct,Maybe,www.burlington.com,"#N/A"
67042f7e-61a1-4128-a2e3-eed13c60a31c,"#N/A","#N/A","#N/A","#N/A","#N/A","#N/A","#N/A","#N/A","#N/A","#N/A","#N/A","#N/A","#N/A","#N/A","#N/A","#N/A","#N/A","#N/A","#N/A","#N/A",new account 1,"#N/A","#N/A","#N/A","#N/A","#N/A","#N/A","#N/A","#N/A","#N/A","#N/A","#N/A","#N/A","#N/A","#N/A","#N/A","#N/A","#N/A","#N/A","#N/A","#N/A","#N/A","#N/A","#N/A","#N/A","#N/A"
69c0464e-aa4e-469e-9810-5fe11a31d1f7,CD355120-B,"#N/A",Yes,"#N/A",Singapore,"#N/A","#N/A","#N/A","#N/A","#N/A",Singapore,"9 Tagore Lane
Singapore, Singapore 787472
Singapore",High,"#N/A","#N/A",(650) 450-8820,Energy,"#N/A","#N/A","#N/A","United Oil & Gas, Singapore",3000,6.0,Public,(650) 450-8810,"#N/A",2019-10-08,2457,Platinum,"#N/A","#N/A","#N/A","#N/A","#N/A","#N/A","#N/A","9 Tagore Lane
Singapore, Singapore 787472
Singapore",4437,"#N/A","#N/A",UOS,"#N/A",Customer - Direct,Maybe,http://www.uos.com,"#N/A"
70570e24-2e9f-4c8d-ac31-c1f97925744b,CD451796,"#N/A",Yes,1.39E8,Austin,"#N/A","#N/A","#N/A","#N/A","#N/A",TX,"312 Constitution Place
Austin, TX 78767
USA",Medium,"Edge, founded in 1998, is a start-up based in Austin, TX. The company designs and manufactures a device to convert music from one digital format to another. Edge sells its product through retailers and its own website.","#N/A",(512) 757-9000,Electronics,"#N/A","#N/A","#N/A",Edge Communications,1000,2.0,Public,(512) 757-6000,Hot,false,false,"#N/A","#N/A",false,false,"#N/A","#N/A","#N/A","#N/A",2019-04-07,2657,Silver,"#N/A","#N/A","#N/A","#N/A","#N/A","#N/A","#N/A","312 Constitution Place
Austin, TX 78767
USA",6576,"#N/A","#N/A",EDGE,"#N/A",Customer - Direct,Maybe,http://edgecomm.com,"#N/A"
715472f8-9df4-4876-886a-b3f25a7ed042,CD439877,"#N/A",Yes,5.0E8,Chicago,"#N/A","#N/A","#N/A","#N/A","#N/A",IL,"2334 N. Michigan Avenue, Suite 1500
Chicago, IL 60601, USA",High,"Chain of hotels and resorts across the US, UK, Eastern Europe, Japan, and SE Asia.","#N/A",(312) 596-1500,Hospitality,"#N/A","#N/A","#N/A",Grand Hotels & Resorts Ltd,5600,57.0,Public,(312) 596-1000,Warm,2019-10-08,5572,Gold,"#N/A","#N/A","#N/A","#N/A","#N/A","#N/A","#N/A","2334 N. Michigan Avenue, Suite 1500
Chicago, IL 60601, USA",2268,"#N/A","#N/A",GHTL,"#N/A",Customer - Direct,Yes,www.grandhotels.com,"#N/A"
722ef5d3-453f-4011-9499-41dba07c7937,CC978213,"#N/A",Yes,3.0E7,Mountain View,"#N/A","#N/A","#N/A","#N/A","#N/A",CA,"345 Shoreline Park
Mountain View, CA 94043
USA",Low,Genomics company engaged in mapping and sequencing of the human genome and developing gene-based drugs,"#N/A",(650) 867-9895,Biotechnology,"#N/A","#N/A","#N/A",GenePoint,265,1.0,Private,(650) 867-3450,Cold,false,false,"#N/A","#N/A",false,false,"#N/A","#N/A","#N/A","#N/A",2019-10-08,7324,Bronze,"#N/A","#N/A","#N/A","#N/A","#N/A","#N/A","#N/A","345 Shoreline Park
Mountain View, CA 94043
USA",3712,"#N/A","#N/A","#N/A","#N/A",Customer - Channel,Yes,www.genepoint.com,"#N/A"
7270fc68-e08a-4037-b9d8-7dbd8a12fd48,CC978213,"#N/A",Yes,3.0E7,Mountain View,"#N/A","#N/A","#N/A","#N/A","#N/A",CA,"345 Shoreline Park
Mountain View, CA 94043
USA",Low,Genomics company engaged in mapping and sequencing of the human genome and developing gene-based drugs,"#N/A",(650) 867-9895,Biotechnology,"#N/A","#N/A","#N/A",GenePoint,265,1.0,Private,(650) 867-3450,Cold,2019-10-08,7324,Bronze,"#N/A","#N/A","#N/A","#N/A","#N/A","#N/A","#N/A","345 Shoreline Park
Mountain View, CA 94043
USA",3712,"#N/A","#N/A","#N/A","#N/A",Customer - Channel,Yes,www.genepoint.com,"#N/A"
7c6509b0-6a56-4d9e-9e9e-9d6ab427bd3a,CD451796,"#N/A",Yes,1.39E8,Austin,"#N/A","#N/A","#N/A","#N/A","#N/A",TX,"312 Constitution Place
Austin, TX 78767
USA",Medium,"Edge, founded in 1998, is a start-up based in Austin, TX. The company designs and manufactures a device to convert music from one digital format to another. Edge sells its product through retailers and its own website.","#N/A",(512) 757-9000,Electronics,"#N/A","#N/A","#N/A",Edge Communications,1000,2.0,Public,(512) 757-6000,Hot,2019-04-07,2657,Silver,"#N/A","#N/A","#N/A","#N/A","#N/A","#N/A","#N/A","312 Constitution Place
Austin, TX 78767
USA",6576,"#N/A","#N/A",EDGE,"#N/A",Customer - Direct,Maybe,http://edgecomm.com,"#N/A"
7c74a44e-022d-4527-8a02-46e12385b55c,CD439877,"#N/A",Yes,5.0E8,Chicago,"#N/A","#N/A","#N/A","#N/A","#N/A",IL,"2334 N. Michigan Avenue, Suite 1500
Chicago, IL 60601, USA",High,"Chain of hotels and resorts across the US, UK, Eastern Europe, Japan, and SE Asia.","#N/A",(312) 596-1500,Hospitality,"#N/A","#N/A","#N/A",Grand Hotels & Resorts Ltd,5600,57.0,Public,(312) 596-1000,Warm,2019-10-08,5572,Gold,"#N/A","#N/A","#N/A","#N/A","#N/A","#N/A","#N/A","2334 N. Michigan Avenue, Suite 1500
Chicago, IL 60601, USA",2268,"#N/A","#N/A",GHTL,"#N/A",Customer - Direct,Yes,www.grandhotels.com,"#N/A"
7d8f39d7-bf1e-464e-a980-e950423d2198,CC947211,"#N/A",Yes,9.5E8,Portland,"#N/A","#N/A","#N/A","#N/A","#N/A",OR,"620 SW 5th Avenue Suite 400
Portland, Oregon 97204
United States",Medium,Commerical logistics and transportation company.,"#N/A",(503) 421-7801,Transportation,"#N/A","#N/A","#N/A",Express Logistics and Transport,12300,150.0,Public,(503) 421-7800,Cold,2019-10-08,4724,Platinum,"#N/A","#N/A","#N/A","#N/A","#N/A","#N/A","#N/A","620 SW 5th Avenue Suite 400
Portland, Oregon 97204
United States",8742,"#N/A","#N/A",EXLT,"#N/A",Customer - Channel,Maybe,www.expressl&t.net,"#N/A"
7dc19dd9-106e-48bb-a2e6-c02e884962da,CC213425,"#N/A",Yes,9.5E8,Paris,France,"#N/A","#N/A","#N/A",75251,"#N/A",2 Place Jussieu,"#N/A","#N/A","#N/A",(014) 427-4428,Construction,"#N/A","#N/A","#N/A",Pyramid Construction Inc.,2680,17.0,Public,(014) 427-4427,"#N/A",2019-10-08,9840,Silver,Paris,France,"#N/A","#N/A","#N/A",75251,"#N/A",2 Place Jussieu,4253,"#N/A","#N/A",PYR,"#N/A",Customer - Channel,Maybe,www.pyramid.com,"#N/A"
838ceeae-e3f7-4c30-815b-8e70130239f8,CD355118,"#N/A",Yes,5.6E9,New York,"#N/A","#N/A","#N/A","#N/A","#N/A",NY,"1301 Avenue of the Americas 
New York, NY 10019
USA",High,World's third largest oil and gas company.,"#N/A",(212) 842-5501,Energy,"#N/A","#N/A","#N/A",United Oil & Gas Corp.,145000,955.0,Public,(212) 842-5500,Hot,2019-10-08,6654,Platinum,"#N/A","#N/A","#N/A","#N/A","#N/A","#N/A","#N/A","1301 Avenue of the Americas 
New York, NY 10019
USA",4437,"#N/A","#N/A",UOS,"#N/A",Customer - Direct,Yes,http://www.uos.com,"#N/A"
85663e9e-a215-4a90-9553-e147a12f3a4d,CC213425,"#N/A",Yes,9.5E8,Paris,France,"#N/A","#N/A","#N/A",75251,"#N/A",2 Place Jussieu,"#N/A","#N/A","#N/A",(014) 427-4428,Construction,"#N/A","#N/A","#N/A",Pyramid Construction Inc.,2680,17.0,Public,(014) 427-4427,"#N/A",2019-10-08,9840,Silver,Paris,France,"#N/A","#N/A","#N/A",75251,"#N/A",2 Place Jussieu,4253,"#N/A","#N/A",PYR,"#N/A",Customer - Channel,Maybe,www.pyramid.com,"#N/A"
86329111-7978-470a-a9c6-c901cc206df0,CC947211,"#N/A",Yes,9.5E8,Portland,"#N/A","#N/A","#N/A","#N/A","#N/A",OR,"620 SW 5th Avenue Suite 400
Portland, Oregon 97204
United States",Medium,Commerical logistics and transportation company.,"#N/A",(503) 421-7801,Transportation,"#N/A","#N/A","#N/A",Express Logistics and Transport,12300,150.0,Public,(503) 421-7800,Cold,2019-10-08,4724,Platinum,"#N/A","#N/A","#N/A","#N/A","#N/A","#N/A","#N/A","620 SW 5th Avenue Suite 400
Portland, Oregon 97204
United States",8742,"#N/A","#N/A",EXLT,"#N/A",Customer - Channel,Maybe,www.expressl&t.net,"#N/A"
88b72524-c0f3-43f0-805b-f3a08e7cc0e3,CC947211,"#N/A",Yes,9.5E8,Portland,"#N/A","#N/A","#N/A","#N/A","#N/A",OR,"620 SW 5th Avenue Suite 400
Portland, Oregon 97204
United States",Medium,Commerical logistics and transportation company.,"#N/A",(503) 421-7801,Transportation,"#N/A","#N/A","#N/A",Express Logistics and Transport,12300,150.0,Public,(503) 421-7800,Cold,2019-10-08,4724,Platinum,"#N/A","#N/A","#N/A","#N/A","#N/A","#N/A","#N/A","620 SW 5th Avenue Suite 400
Portland, Oregon 97204
United States",8742,"#N/A","#N/A",EXLT,"#N/A",Customer - Channel,Maybe,www.expressl&t.net,"#N/A"
88df7556-f8c3-4b84-a165-b083c485de36,CC947211,"#N/A",Yes,9.5E8,Portland,"#N/A","#N/A","#N/A","#N/A","#N/A",OR,"620 SW 5th Avenue Suite 400
Portland, Oregon 97204
United States",Medium,Commerical logistics and transportation company.,"#N/A",(503) 421-7801,Transportation,"#N/A","#N/A","#N/A",Express Logistics and Transport,12300,150.0,Public,(503) 421-7800,Cold,2019-10-08,4724,Platinum,"#N/A","#N/A","#N/A","#N/A","#N/A","#N/A","#N/A","620 SW 5th Avenue Suite 400
Portland, Oregon 97204
United States",8742,"#N/A","#N/A",EXLT,"#N/A",Customer - Channel,Maybe,www.expressl&t.net,"#N/A"
8c89c275-8e4a-4c07-b19a-9d680b94bb7b,CD355118,"#N/A",Yes,5.6E9,New York,"#N/A","#N/A","#N/A","#N/A","#N/A",NY,"1301 Avenue of the Americas 
New York, NY 10019
USA",High,World's third largest oil and gas company.,"#N/A",(212) 842-5501,Energy,"#N/A","#N/A","#N/A",United Oil & Gas Corp.,145000,955.0,Public,(212) 842-5500,Hot,2019-10-30,6654,Platinum,"#N/A","#N/A","#N/A","#N/A","#N/A","#N/A","#N/A","1301 Avenue of the Americas 
New York, NY 10019
USA",4437,"#N/A","#N/A",UOS,"#N/A",Customer - Direct,Yes,http://www.uos.com,"#N/A"
900e3e99-98c9-477e-817c-672339464fb0,CC978213,"#N/A",Yes,3.0E7,Mountain View,"#N/A","#N/A","#N/A","#N/A","#N/A",CA,"345 Shoreline Park
Mountain View, CA 94043
USA",Low,Genomics company engaged in mapping and sequencing of the human genome and developing gene-based drugs,"#N/A",(650) 867-9895,Biotechnology,"#N/A","#N/A","#N/A",GenePoint,265,1.0,Private,(650) 867-3450,Cold,2019-10-08,7324,Bronze,"#N/A","#N/A","#N/A","#N/A","#N/A","#N/A","#N/A","345 Shoreline Park
Mountain View, CA 94043
USA",3712,"#N/A","#N/A","#N/A","#N/A",Customer - Channel,Yes,www.genepoint.com,"#N/A"
97b3242c-d9fb-4d34-bb25-101710538efb,CC947211,"#N/A",Yes,9.5E8,Portland,"#N/A","#N/A","#N/A","#N/A","#N/A",OR,"620 SW 5th Avenue Suite 400
Portland, Oregon 97204
United States",Medium,Commerical logistics and transportation company.,"#N/A",(503) 421-7801,Transportation,"#N/A","#N/A","#N/A",Express Logistics and Transport,12300,150.0,Public,(503) 421-7800,Cold,false,false,"#N/A","#N/A",false,false,"#N/A","#N/A","#N/A","#N/A",2019-10-08,4724,Platinum,"#N/A","#N/A","#N/A","#N/A","#N/A","#N/A","#N/A","620 SW 5th Avenue Suite 400
Portland, Oregon 97204
United States",8742,"#N/A","#N/A",EXLT,"#N/A",Customer - Channel,Maybe,www.expressl&t.net,"#N/A"
98e8709a-60d0-47e1-8a11-b577142fe658,CC978213,"#N/A",Yes,3.0E7,Mountain View,"#N/A","#N/A","#N/A","#N/A","#N/A",CA,"345 Shoreline Park
Mountain View, CA 94043
USA",Low,Genomics company engaged in mapping and sequencing of the human genome and developing gene-based drugs,"#N/A",(650) 867-9895,Biotechnology,"#N/A","#N/A","#N/A",GenePoint,265,1.0,Private,(650) 867-3450,Cold,2019-10-08,7324,Bronze,"#N/A","#N/A","#N/A","#N/A","#N/A","#N/A","#N/A","345 Shoreline Park
Mountain View, CA 94043
USA",3712,"#N/A","#N/A","#N/A","#N/A",Customer - Channel,Yes,www.genepoint.com,"#N/A"
9b581bdd-cc42-4a88-8a63-e8412e733262,CD439877,"#N/A",Yes,5.0E8,Chicago,"#N/A","#N/A","#N/A","#N/A","#N/A",IL,"2334 N. Michigan Avenue, Suite 1500
Chicago, IL 60601, USA",High,"Chain of hotels and resorts across the US, UK, Eastern Europe, Japan, and SE Asia.","#N/A",(312) 596-1500,Hospitality,"#N/A","#N/A","#N/A",Grand Hotels & Resorts Ltd,5600,57.0,Public,(312) 596-1000,Warm,2019-10-30,5572,Gold,"#N/A","#N/A","#N/A","#N/A","#N/A","#N/A","#N/A","2334 N. Michigan Avenue, Suite 1500
Chicago, IL 60601, USA",2268,"#N/A","#N/A",GHTL,"#N/A",Customer - Direct,Yes,www.grandhotels.com,"#N/A"
9beeb39a-2d72-40b0-959b-95d97aa82ce3,"#N/A","#N/A","#N/A","#N/A","#N/A","#N/A","#N/A","#N/A","#N/A","#N/A","#N/A","#N/A","#N/A","#N/A","#N/A","#N/A","#N/A","#N/A","#N/A","#N/A",testAcct,"#N/A","#N/A","#N/A","#N/A","#N/A","#N/A","#N/A","#N/A","#N/A","#N/A","#N/A","#N/A","#N/A","#N/A","#N/A","#N/A","#N/A","#N/A","#N/A","#N/A","#N/A","#N/A","#N/A","#N/A","#N/A"
9ea3efbe-c0c9-43f3-b088-006a9c1406e9,CD355119-A,"#N/A",Yes,"#N/A","#N/A","#N/A","#N/A","#N/A","#N/A","#N/A",UK,"Kings Park, 17th Avenue, Team Valley Trading Estate,
Gateshead, Tyne and Wear NE26 3HS
United Kingdom",High,"#N/A","#N/A",+44 191 4956620,Energy,"#N/A","#N/A","#N/A","United Oil & Gas, UK",24000,34.0,Public,+44 191 4956203,"#N/A",2019-04-07,3479,Platinum,"#N/A","#N/A","#N/A","#N/A","#N/A","#N/A","#N/A","Kings Park, 17th Avenue, Team Valley Trading Estate,
Gateshead, Tyne and Wear NE26 3HS
United Kingdom",4437,"#N/A","#N/A",UOS,"#N/A",Customer - Direct,No,http://www.uos.com,"#N/A"
a1bd6d33-e0aa-4ee1-99de-dd0a57c0e736,CD355118,"#N/A",Yes,5.6E9,New York,"#N/A","#N/A","#N/A","#N/A","#N/A",NY,"1301 Avenue of the Americas 
New York, NY 10019
USA",High,World's third largest oil and gas company.,"#N/A",(212) 842-5501,Energy,"#N/A","#N/A","#N/A",United Oil & Gas Corp.,145000,955.0,Public,(212) 842-5500,Hot,2019-10-08,6654,Platinum,"#N/A","#N/A","#N/A","#N/A","#N/A","#N/A","#N/A","1301 Avenue of the Americas 
New York, NY 10019
USA",4437,"#N/A","#N/A",UOS,"#N/A",Customer - Direct,Yes,http://www.uos.com,"#N/A"
a912a954-edac-4a84-91db-93b1e7c381a7,CD736025,"#N/A",Yes,"#N/A",Tucson,"#N/A","#N/A","#N/A","#N/A","#N/A",AZ,"888 N Euclid 
Hallis Center, Room 501
Tucson, AZ 85721
United States",Medium,"Leading university in AZ offering undergraduate and graduate programs in arts and humanities, pure sciences, engineering, business, and medicine.","#N/A",(520) 773-9060,Education,"#N/A","#N/A","#N/A",University of Arizona,39000,3.0,Other,(520) 773-9050,Warm,false,false,"#N/A","#N/A",false,false,"#N/A","#N/A","#N/A","#N/A",2019-04-07,8350,Gold,"#N/A","#N/A","#N/A","#N/A","#N/A","#N/A","#N/A","888 N Euclid 
Hallis Center, Room 501
Tucson, AZ 85721
United States",7321,"#N/A","#N/A","#N/A","#N/A",Customer - Direct,Yes,www.universityofarizona.com,"#N/A"
a9a6c9b2-a516-499b-a538-fcd8babf15fc,CD439877,"#N/A",Yes,5.0E8,Chicago,"#N/A","#N/A","#N/A","#N/A","#N/A",IL,"2334 N. Michigan Avenue, Suite 1500
Chicago, IL 60601, USA",High,"Chain of hotels and resorts across the US, UK, Eastern Europe, Japan, and SE Asia.","#N/A",(312) 596-1500,Hospitality,"#N/A","#N/A","#N/A",Grand Hotels & Resorts Ltd,5600,57.0,Public,(312) 596-1000,Warm,false,false,"#N/A","#N/A",false,false,"#N/A","#N/A","#N/A","#N/A",2019-10-08,5572,Gold,"#N/A","#N/A","#N/A","#N/A","#N/A","#N/A","#N/A","2334 N. Michigan Avenue, Suite 1500
Chicago, IL 60601, USA",2268,"#N/A","#N/A",GHTL,"#N/A",Customer - Direct,Yes,www.grandhotels.com,"#N/A"
a9f984a9-365f-483d-9817-e7c279d3a44a,CC634267,"#N/A",Yes,5.0E7,Lawrence,USA,"#N/A","#N/A","#N/A",66045,KS,1301 Hoch Drive,Low,"#N/A","#N/A",(785) 241-6201,Consulting,"#N/A","#N/A","#N/A",Dickenson plc,120,2.0,Private,(785) 241-6200,"#N/A",2019-10-08,7425,Bronze,Lawrence,USA,"#N/A","#N/A","#N/A",66045,KS,1301 Hoch Drive,6752,"#N/A","#N/A","#N/A","#N/A",Customer - Channel,No,dickenson-consulting.com,"#N/A"
aab356d4-ff8d-468c-98a7-1aa0ad7dc015,CD451796,"#N/A",Yes,1.39E8,Austin,"#N/A","#N/A","#N/A","#N/A","#N/A",TX,"312 Constitution Place
Austin, TX 78767
USA",Medium,"Edge, founded in 1998, is a start-up based in Austin, TX. The company designs and manufactures a device to convert music from one digital format to another. Edge sells its product through retailers and its own website.","#N/A",(512) 757-9000,Electronics,"#N/A","#N/A","#N/A",Edge Communications,1000,2.0,Public,(512) 757-6000,Hot,2019-04-07,2657,Silver,"#N/A","#N/A","#N/A","#N/A","#N/A","#N/A","#N/A","312 Constitution Place
Austin, TX 78767
USA",6576,"#N/A","#N/A",EDGE,"#N/A",Customer - Direct,Maybe,http://edgecomm.com,"#N/A"
ab5b2505-5903-460a-a857-52cf714f06d0,"#N/A","#N/A","#N/A","#N/A","#N/A","#N/A","#N/A","#N/A","#N/A","#N/A","#N/A","#N/A","#N/A","#N/A","#N/A","#N/A","#N/A","#N/A","#N/A","#N/A",testAcct,"#N/A","#N/A","#N/A","#N/A","#N/A",false,false,"#N/A","#N/A",false,false,"#N/A","#N/A","#N/A","#N/A","#N/A","#N/A","#N/A","#N/A","#N/A","#N/A","#N/A","#N/A","#N/A","#N/A","#N/A","#N/A","#N/A","#N/A","#N/A","#N/A","#N/A","#N/A","#N/A","#N/A"
abea5989-8dd8-47b7-a045-1e1cf96ada44,CD736025,"#N/A",Yes,"#N/A",Tucson,"#N/A","#N/A","#N/A","#N/A","#N/A",AZ,"888 N Euclid 
Hallis Center, Room 501
Tucson, AZ 85721
United States",Medium,"Leading university in AZ offering undergraduate and graduate programs in arts and humanities, pure sciences, engineering, business, and medicine.","#N/A",(520) 773-9060,Education,"#N/A","#N/A","#N/A",University of Arizona,39000,3.0,Other,(520) 773-9050,Warm,2019-04-07,8350,Gold,"#N/A","#N/A","#N/A","#N/A","#N/A","#N/A","#N/A","888 N Euclid 
Hallis Center, Room 501
Tucson, AZ 85721
United States",7321,"#N/A","#N/A","#N/A","#N/A",Customer - Direct,Yes,www.universityofarizona.com,"#N/A"
ac715e65-b6f7-4312-8299-dd7a8e0365b9,CC634267,"#N/A",Yes,5.0E7,Lawrence,USA,"#N/A","#N/A","#N/A",66045,KS,1301 Hoch Drive,Low,"#N/A","#N/A",(785) 241-6201,Consulting,"#N/A","#N/A","#N/A",Dickenson plc,120,2.0,Private,(785) 241-6200,"#N/A",2019-10-08,7425,Bronze,Lawrence,USA,"#N/A","#N/A","#N/A",66045,KS,1301 Hoch Drive,6752,"#N/A","#N/A","#N/A","#N/A",Customer - Channel,No,dickenson-consulting.com,"#N/A"
b16568f2-ac04-4b03-a889-1fbb95f6ee6b,CD736025,"#N/A",Yes,"#N/A",Tucson,"#N/A","#N/A","#N/A","#N/A","#N/A",AZ,"888 N Euclid 
Hallis Center, Room 501
Tucson, AZ 85721
United States",Medium,"Leading university in AZ offering undergraduate and graduate programs in arts and humanities, pure sciences, engineering, business, and medicine.","#N/A",(520) 773-9060,Education,"#N/A","#N/A","#N/A",University of Arizona,39000,3.0,Other,(520) 773-9050,Warm,2019-04-07,8350,Gold,"#N/A","#N/A","#N/A","#N/A","#N/A","#N/A","#N/A","888 N Euclid 
Hallis Center, Room 501
Tucson, AZ 85721
United States",7321,"#N/A","#N/A","#N/A","#N/A",Customer - Direct,Yes,www.universityofarizona.com,"#N/A"
b48f4cf0-f558-4218-afef-f2bc0c7a6f23,CC213425,"#N/A",Yes,9.5E8,Paris,France,"#N/A","#N/A","#N/A",75251,"#N/A",2 Place Jussieu,"#N/A","#N/A","#N/A",(014) 427-4428,Construction,"#N/A","#N/A","#N/A",Pyramid Construction Inc.,2680,17.0,Public,(014) 427-4427,"#N/A",2019-10-08,9840,Silver,Paris,France,"#N/A","#N/A","#N/A",75251,"#N/A",2 Place Jussieu,4253,"#N/A","#N/A",PYR,"#N/A",Customer - Channel,Maybe,www.pyramid.com,"#N/A"
bd91a6e2-cc84-4346-9b7f-9aab9c432f9d,CD355119-A,"#N/A",Yes,"#N/A","#N/A","#N/A","#N/A","#N/A","#N/A","#N/A",UK,"Kings Park, 17th Avenue, Team Valley Trading Estate,
Gateshead, Tyne and Wear NE26 3HS
United Kingdom",High,"#N/A","#N/A",+44 191 4956620,Energy,"#N/A","#N/A","#N/A","United Oil & Gas, UK",24000,34.0,Public,+44 191 4956203,"#N/A",false,false,"#N/A","#N/A",false,false,"#N/A","#N/A","#N/A","#N/A",2019-04-07,3479,Platinum,"#N/A","#N/A","#N/A","#N/A","#N/A","#N/A","#N/A","Kings Park, 17th Avenue, Team Valley Trading Estate,
Gateshead, Tyne and Wear NE26 3HS
United Kingdom",4437,"#N/A","#N/A",UOS,"#N/A",Customer - Direct,No,http://www.uos.com,"#N/A"
c2a3e4eb-5d14-4f4d-a383-d6e22c5f0e7b,CD355119-A,"#N/A",Yes,"#N/A","#N/A","#N/A","#N/A","#N/A","#N/A","#N/A",UK,"Kings Park, 17th Avenue, Team Valley Trading Estate,
Gateshead, Tyne and Wear NE26 3HS
United Kingdom",High,"#N/A","#N/A",+44 191 4956620,Energy,"#N/A","#N/A","#N/A","United Oil & Gas, UK",24000,34.0,Public,+44 191 4956203,"#N/A",2019-04-07,3479,Platinum,"#N/A","#N/A","#N/A","#N/A","#N/A","#N/A","#N/A","Kings Park, 17th Avenue, Team Valley Trading Estate,
Gateshead, Tyne and Wear NE26 3HS
United Kingdom",4437,"#N/A","#N/A",UOS,"#N/A",Customer - Direct,No,http://www.uos.com,"#N/A"
c91e41fe-ab48-4338-8eca-541ab8363629,CD355120-B,"#N/A",Yes,"#N/A",Singapore,"#N/A","#N/A","#N/A","#N/A","#N/A",Singapore,"9 Tagore Lane
Singapore, Singapore 787472
Singapore",High,"#N/A","#N/A",(650) 450-8820,Energy,"#N/A","#N/A","#N/A","United Oil & Gas, Singapore",3000,6.0,Public,(650) 450-8810,"#N/A",2019-10-08,2457,Platinum,"#N/A","#N/A","#N/A","#N/A","#N/A","#N/A","#N/A","9 Tagore Lane
Singapore, Singapore 787472
Singapore",4437,"#N/A","#N/A",UOS,"#N/A",Customer - Direct,Maybe,http://www.uos.com,"#N/A"
cb0a4f9e-930e-427d-bf69-e5c9807ac8f9,"#N/A","#N/A","#N/A","#N/A","#N/A","#N/A","#N/A","#N/A","#N/A","#N/A","#N/A","#N/A","#N/A","#N/A","#N/A","#N/A","#N/A","#N/A","#N/A","#N/A",newact,"#N/A","#N/A","#N/A","#N/A","#N/A","#N/A","#N/A","#N/A","#N/A","#N/A","#N/A","#N/A","#N/A","#N/A","#N/A","#N/A","#N/A","#N/A","#N/A","#N/A","#N/A","#N/A","#N/A","#N/A","#N/A"
cd11d7a7-28f4-4c6a-bf73-0d1c5cd465d1,CD451796,"#N/A",Yes,1.39E8,Austin,"#N/A","#N/A","#N/A","#N/A","#N/A",TX,"312 Constitution Place
Austin, TX 78767
USA",Medium,"Edge, founded in 1998, is a start-up based in Austin, TX. The company designs and manufactures a device to convert music from one digital format to another. Edge sells its product through retailers and its own website.","#N/A",(512) 757-9000,Electronics,"#N/A","#N/A","#N/A",Edge Communications,1000,2.0,Public,(512) 757-6000,Hot,2019-04-29,2657,Silver,"#N/A","#N/A","#N/A","#N/A","#N/A","#N/A","#N/A","312 Constitution Place
Austin, TX 78767
USA",6576,"#N/A","#N/A",EDGE,"#N/A",Customer - Direct,Maybe,http://edgecomm.com,"#N/A"
cd2410a9-37ae-4e0c-98a9-939454ec11f0,CD656092,"#N/A","#N/A",3.5E8,Burlington,USA,"#N/A","#N/A","#N/A",27215,NC,525 S. Lexington Ave,"#N/A","#N/A","#N/A",(336) 222-8000,Apparel,"#N/A","#N/A","#N/A",Burlington Textiles Corp of America,9000,6.0,Public,(336) 222-7000,Warm,2019-04-07,5367,Silver,"#N/A","#N/A","#N/A","#N/A","#N/A","#N/A","#N/A","#N/A",546732,"#N/A","#N/A",BTXT,"#N/A",Customer - Direct,Maybe,www.burlington.com,"#N/A"
cdf8156d-2d59-4414-8a8d-3fca9155dcfa,CD439877,"#N/A",Yes,5.0E8,Chicago,"#N/A","#N/A","#N/A","#N/A","#N/A",IL,"2334 N. Michigan Avenue, Suite 1500
Chicago, IL 60601, USA",High,"Chain of hotels and resorts across the US, UK, Eastern Europe, Japan, and SE Asia.","#N/A",(312) 596-1500,Hospitality,"#N/A","#N/A","#N/A",Grand Hotels & Resorts Ltd,5600,57.0,Public,(312) 596-1000,Warm,2019-10-08,5572,Gold,"#N/A","#N/A","#N/A","#N/A","#N/A","#N/A","#N/A","2334 N. Michigan Avenue, Suite 1500
Chicago, IL 60601, USA",2268,"#N/A","#N/A",GHTL,"#N/A",Customer - Direct,Yes,www.grandhotels.com,"#N/A"
ce59883b-94ee-4a96-9cc2-daf2461ae74a,CD451796,"#N/A",Yes,1.39E8,Austin,"#N/A","#N/A","#N/A","#N/A","#N/A",TX,"312 Constitution Place
Austin, TX 78767
USA",Medium,"Edge, founded in 1998, is a start-up based in Austin, TX. The company designs and manufactures a device to convert music from one digital format to another. Edge sells its product through retailers and its own website.","#N/A",(512) 757-9000,Electronics,"#N/A","#N/A","#N/A",Edge Communications,1000,2.0,Public,(512) 757-6000,Hot,2019-04-07,2657,Silver,"#N/A","#N/A","#N/A","#N/A","#N/A","#N/A","#N/A","312 Constitution Place
Austin, TX 78767
USA",6576,"#N/A","#N/A",EDGE,"#N/A",Customer - Direct,Maybe,http://edgecomm.com,"#N/A"
d03779d7-a41c-4f97-a644-386ac83d1467,CD439877,"#N/A",Yes,5.0E8,Chicago,"#N/A","#N/A","#N/A","#N/A","#N/A",IL,"2334 N. Michigan Avenue, Suite 1500
Chicago, IL 60601, USA",High,"Chain of hotels and resorts across the US, UK, Eastern Europe, Japan, and SE Asia.","#N/A",(312) 596-1500,Hospitality,"#N/A","#N/A","#N/A",Grand Hotels & Resorts Ltd,5600,57.0,Public,(312) 596-1000,Warm,2019-10-08,5572,Gold,"#N/A","#N/A","#N/A","#N/A","#N/A","#N/A","#N/A","2334 N. Michigan Avenue, Suite 1500
Chicago, IL 60601, USA",2268,"#N/A","#N/A",GHTL,"#N/A",Customer - Direct,Yes,www.grandhotels.com,"#N/A"
d3169ed5-882d-489a-804f-0886a5b84784,CD451796,"#N/A",Yes,1.39E8,Austin,"#N/A","#N/A","#N/A","#N/A","#N/A",TX,"312 Constitution Place
Austin, TX 78767
USA",Medium,"Edge, founded in 1998, is a start-up based in Austin, TX. The company designs and manufactures a device to convert music from one digital format to another. Edge sells its product through retailers and its own website.","#N/A",(512) 757-9000,Electronics,"#N/A","#N/A","#N/A",Edge Communications,1000,2.0,Public,(512) 757-6000,Hot,2019-04-07,2657,Silver,"#N/A","#N/A","#N/A","#N/A","#N/A","#N/A","#N/A","312 Constitution Place
Austin, TX 78767
USA",6576,"#N/A","#N/A",EDGE,"#N/A",Customer - Direct,Maybe,http://edgecomm.com,"#N/A"
d566abce-cc5b-4b30-a412-78cfa1e7c760,CC947211,"#N/A",Yes,9.5E8,Portland,"#N/A","#N/A","#N/A","#N/A","#N/A",OR,"620 SW 5th Avenue Suite 400
Portland, Oregon 97204
United States",Medium,Commerical logistics and transportation company.,"#N/A",(503) 421-7801,Transportation,"#N/A","#N/A","#N/A",Express Logistics and Transport,12300,150.0,Public,(503) 421-7800,Cold,2019-10-30,4724,Platinum,"#N/A","#N/A","#N/A","#N/A","#N/A","#N/A","#N/A","620 SW 5th Avenue Suite 400
Portland, Oregon 97204
United States",8742,"#N/A","#N/A",EXLT,"#N/A",Customer - Channel,Maybe,www.expressl&t.net,"#N/A"
d5836587-4cbf-453f-9943-a9016a286721,"#N/A","#N/A","#N/A","#N/A","#N/A","#N/A","#N/A","#N/A","#N/A","#N/A","#N/A","#N/A","#N/A","#N/A","#N/A","#N/A","#N/A","#N/A","#N/A","#N/A",testAcct,"#N/A","#N/A","#N/A","#N/A","#N/A","#N/A","#N/A","#N/A","#N/A","#N/A","#N/A","#N/A","#N/A","#N/A","#N/A","#N/A","#N/A","#N/A","#N/A","#N/A","#N/A","#N/A","#N/A","#N/A","#N/A"
dce8da7f-6c3c-4162-8763-316c161d9e1b,CC213425,"#N/A",Yes,9.5E8,Paris,France,"#N/A","#N/A","#N/A",75251,"#N/A",2 Place Jussieu,"#N/A","#N/A","#N/A",(014) 427-4428,Construction,"#N/A","#N/A","#N/A",Pyramid Construction Inc.,2680,17.0,Public,(014) 427-4427,"#N/A",2019-10-08,9840,Silver,Paris,France,"#N/A","#N/A","#N/A",75251,"#N/A",2 Place Jussieu,4253,"#N/A","#N/A",PYR,"#N/A",Customer - Channel,Maybe,www.pyramid.com,"#N/A"
e5c987b2-540f-4b17-a807-efa891519707,CD451796,"#N/A",Yes,1.39E8,Austin,"#N/A","#N/A","#N/A","#N/A","#N/A",TX,"312 Constitution Place
Austin, TX 78767
USA",Medium,"Edge, founded in 1998, is a start-up based in Austin, TX. The company designs and manufactures a device to convert music from one digital format to another. Edge sells its product through retailers and its own website.","#N/A",(512) 757-9000,Electronics,"#N/A","#N/A","#N/A",Edge Communications,1000,2.0,Public,(512) 757-6000,Hot,2019-04-07,2657,Silver,"#N/A","#N/A","#N/A","#N/A","#N/A","#N/A","#N/A","312 Constitution Place
Austin, TX 78767
USA",6576,"#N/A","#N/A",EDGE,"#N/A",Customer - Direct,Maybe,http://edgecomm.com,"#N/A"
e609f84e-d046-4652-bd29-10f12d19e92f,CC634267,"#N/A",Yes,5.0E7,Lawrence,USA,"#N/A","#N/A","#N/A",66045,KS,1301 Hoch Drive,Low,"#N/A","#N/A",(785) 241-6201,Consulting,"#N/A","#N/A","#N/A",Dickenson plc,120,2.0,Private,(785) 241-6200,"#N/A",2019-10-08,7425,Bronze,Lawrence,USA,"#N/A","#N/A","#N/A",66045,KS,1301 Hoch Drive,6752,"#N/A","#N/A","#N/A","#N/A",Customer - Channel,No,dickenson-consulting.com,"#N/A"
e946888b-f472-47bc-b90a-2b19db293623,CD451796,"#N/A",Yes,1.39E8,Austin,"#N/A","#N/A","#N/A","#N/A","#N/A",TX,"312 Constitution Place
Austin, TX 78767
USA",Medium,"Edge, founded in 1998, is a start-up based in Austin, TX. The company designs and manufactures a device to convert music from one digital format to another. Edge sells its product through retailers and its own website.","#N/A",(512) 757-9000,Electronics,"#N/A","#N/A","#N/A",Edge Communications,1000,2.0,Public,(512) 757-6000,Hot,2019-04-07,2657,Silver,"#N/A","#N/A","#N/A","#N/A","#N/A","#N/A","#N/A","312 Constitution Place
Austin, TX 78767
USA",6576,"#N/A","#N/A",EDGE,"#N/A",Customer - Direct,Maybe,http://edgecomm.com,"#N/A"
e9b238c3-73d4-457d-845c-0b61664a3930,CC634267,"#N/A",Yes,5.0E7,Lawrence,USA,"#N/A","#N/A","#N/A",66045,KS,1301 Hoch Drive,Low,"#N/A","#N/A",(785) 241-6201,Consulting,"#N/A","#N/A","#N/A",Dickenson plc,120,2.0,Private,(785) 241-6200,"#N/A",2019-10-08,7425,Bronze,Lawrence,USA,"#N/A","#N/A","#N/A",66045,KS,1301 Hoch Drive,6752,"#N/A","#N/A","#N/A","#N/A",Customer - Channel,No,dickenson-consulting.com,"#N/A"
ea185406-f18a-4aea-ba81-eb4597972be6,CD355119-A,"#N/A",Yes,"#N/A","#N/A","#N/A","#N/A","#N/A","#N/A","#N/A",UK,"Kings Park, 17th Avenue, Team Valley Trading Estate,
Gateshead, Tyne and Wear NE26 3HS
United Kingdom",High,"#N/A","#N/A",+44 191 4956620,Energy,"#N/A","#N/A","#N/A","United Oil & Gas, UK",24000,34.0,Public,+44 191 4956203,"#N/A",2019-04-07,3479,Platinum,"#N/A","#N/A","#N/A","#N/A","#N/A","#N/A","#N/A","Kings Park, 17th Avenue, Team Valley Trading Estate,
Gateshead, Tyne and Wear NE26 3HS
United Kingdom",4437,"#N/A","#N/A",UOS,"#N/A",Customer - Direct,No,http://www.uos.com,"#N/A"
f149d563-ef31-4023-8c02-cdc5ba394039,CC213425,"#N/A",Yes,9.5E8,Paris,France,"#N/A","#N/A","#N/A",75251,"#N/A",2 Place Jussieu,"#N/A","#N/A","#N/A",(014) 427-4428,Construction,"#N/A","#N/A","#N/A",Pyramid Construction Inc.,2680,17.0,Public,(014) 427-4427,"#N/A",2019-10-08,9840,Silver,Paris,France,"#N/A","#N/A","#N/A",75251,"#N/A",2 Place Jussieu,4253,"#N/A","#N/A",PYR,"#N/A",Customer - Channel,Maybe,www.pyramid.com,"#N/A"
f3d8c14e-e292-4fe4-b6ec-94d73b78fb60,CD355119-A,"#N/A",Yes,"#N/A","#N/A","#N/A","#N/A","#N/A","#N/A","#N/A",UK,"Kings Park, 17th Avenue, Team Valley Trading Estate,
Gateshead, Tyne and Wear NE26 3HS
United Kingdom",High,"#N/A","#N/A",+44 191 4956620,Energy,"#N/A","#N/A","#N/A","United Oil & Gas, UK",24000,34.0,Public,+44 191 4956203,"#N/A",2019-04-29,3479,Platinum,"#N/A","#N/A","#N/A","#N/A","#N/A","#N/A","#N/A","Kings Park, 17th Avenue, Team Valley Trading Estate,
Gateshead, Tyne and Wear NE26 3HS
United Kingdom",4437,"#N/A","#N/A",UOS,"#N/A",Customer - Direct,No,http://www.uos.com,"#N/A"
f41fc792-d95b-41c4-bae6-69584050b513,CD656092,"#N/A","#N/A",3.5E8,Burlington,USA,"#N/A","#N/A","#N/A",27215,NC,525 S. Lexington Ave,"#N/A","#N/A","#N/A",(336) 222-8000,Apparel,"#N/A","#N/A","#N/A",Burlington Textiles Corp of America,9000,6.0,Public,(336) 222-7000,Warm,2019-04-07,5367,Silver,"#N/A","#N/A","#N/A","#N/A","#N/A","#N/A","#N/A","#N/A",546732,"#N/A","#N/A",BTXT,"#N/A",Customer - Direct,Maybe,www.burlington.com,"#N/A"
f4485cb1-e8a8-4e09-a3e6-0bc4d9600497,CD656092,"#N/A","#N/A",3.5E8,Burlington,USA,"#N/A","#N/A","#N/A",27215,NC,525 S. Lexington Ave,"#N/A","#N/A","#N/A",(336) 222-8000,Apparel,"#N/A","#N/A","#N/A",Burlington Textiles Corp of America,9000,6.0,Public,(336) 222-7000,Warm,2019-04-29,5367,Silver,"#N/A","#N/A","#N/A","#N/A","#N/A","#N/A","#N/A","#N/A",546732,"#N/A","#N/A",BTXT,"#N/A",Customer - Direct,Maybe,www.burlington.com,"#N/A"
f44909dd-8500-4ddb-88d0-72edac1a7beb,CD355118,"#N/A",Yes,5.6E9,New York,"#N/A","#N/A","#N/A","#N/A","#N/A",NY,"1301 Avenue of the Americas 
New York, NY 10019
USA",High,World's third largest oil and gas company.,"#N/A",(212) 842-5501,Energy,"#N/A","#N/A","#N/A",United Oil & Gas Corp.,145000,955.0,Public,(212) 842-5500,Hot,2019-10-08,6654,Platinum,"#N/A","#N/A","#N/A","#N/A","#N/A","#N/A","#N/A","1301 Avenue of the Americas 
New York, NY 10019
USA",4437,"#N/A","#N/A",UOS,"#N/A",Customer - Direct,Yes,http://www.uos.com,"#N/A"
f586232b-4c12-4cb3-b2e9-266cf20ad535,CC978213,"#N/A",Yes,3.0E7,Mountain View,"#N/A","#N/A","#N/A","#N/A","#N/A",CA,"345 Shoreline Park
Mountain View, CA 94043
USA",Low,Genomics company engaged in mapping and sequencing of the human genome and developing gene-based drugs,"#N/A",(650) 867-9895,Biotechnology,"#N/A","#N/A","#N/A",GenePoint,265,1.0,Private,(650) 867-3450,Cold,2019-10-08,7324,Bronze,"#N/A","#N/A","#N/A","#N/A","#N/A","#N/A","#N/A","345 Shoreline Park
Mountain View, CA 94043
USA",3712,"#N/A","#N/A","#N/A","#N/A",Customer - Channel,Yes,www.genepoint.com,"#N/A"
f5e8003c-9102-4c32-ba0f-2619ef3c7fc2,CD355118,"#N/A",Yes,5.6E9,New York,"#N/A","#N/A","#N/A","#N/A","#N/A",NY,"1301 Avenue of the Americas 
New York, NY 10019
USA",High,World's third largest oil and gas company.,"#N/A",(212) 842-5501,Energy,"#N/A","#N/A","#N/A",United Oil & Gas Corp.,145000,955.0,Public,(212) 842-5500,Hot,2019-10-08,6654,Platinum,"#N/A","#N/A","#N/A","#N/A","#N/A","#N/A","#N/A","1301 Avenue of the Americas 
New York, NY 10019
USA",4437,"#N/A","#N/A",UOS,"#N/A",Customer - Direct,Yes,http://www.uos.com,"#N/A"
f75aeaec-6752-4f75-a197-c80b492a49f5,"#N/A","#N/A","#N/A","#N/A","#N/A","#N/A","#N/A","#N/A","#N/A","#N/A","#N/A","#N/A","#N/A","#N/A","#N/A","#N/A","#N/A","#N/A","#N/A","#N/A",testAcct,"#N/A","#N/A","#N/A","#N/A","#N/A","#N/A","#N/A","#N/A","#N/A","#N/A","#N/A","#N/A","#N/A","#N/A","#N/A","#N/A","#N/A","#N/A","#N/A","#N/A","#N/A","#N/A","#N/A","#N/A","#N/A"
f835240c-468c-43d4-ba54-51c3ce1a0933,CC978213,"#N/A",Yes,3.0E7,Mountain View,"#N/A","#N/A","#N/A","#N/A","#N/A",CA,"345 Shoreline Park
Mountain View, CA 94043
USA",Low,Genomics company engaged in mapping and sequencing of the human genome and developing gene-based drugs,"#N/A",(650) 867-9895,Biotechnology,"#N/A","#N/A","#N/A",GenePoint,265,1.0,Private,(650) 867-3450,Cold,2019-10-08,7324,Bronze,"#N/A","#N/A","#N/A","#N/A","#N/A","#N/A","#N/A","345 Shoreline Park
Mountain View, CA 94043
USA",3712,"#N/A","#N/A","#N/A","#N/A",Customer - Channel,Yes,www.genepoint.com,"#N/A"
f8fba6a1-8743-427a-a4b3-3fd8aa2fe96e,CD736025,"#N/A",Yes,"#N/A",Tucson,"#N/A","#N/A","#N/A","#N/A","#N/A",AZ,"888 N Euclid 
Hallis Center, Room 501
Tucson, AZ 85721
United States",Medium,"Leading university in AZ offering undergraduate and graduate programs in arts and humanities, pure sciences, engineering, business, and medicine.","#N/A",(520) 773-9060,Education,"#N/A","#N/A","#N/A",University of Arizona,39000,3.0,Other,(520) 773-9050,Warm,2019-04-07,8350,Gold,"#N/A","#N/A","#N/A","#N/A","#N/A","#N/A","#N/A","888 N Euclid 
Hallis Center, Room 501
Tucson, AZ 85721
United States",7321,"#N/A","#N/A","#N/A","#N/A",Customer - Direct,Yes,www.universityofarizona.com,"#N/A"
fb565aa2-12f8-4b4e-8f23-823b2467a8ad,CC213425,"#N/A",Yes,9.5E8,Paris,France,"#N/A","#N/A","#N/A",75251,"#N/A",2 Place Jussieu,"#N/A","#N/A","#N/A",(014) 427-4428,Construction,"#N/A","#N/A","#N/A",Pyramid Construction Inc.,2680,17.0,Public,(014) 427-4427,"#N/A",2019-10-08,9840,Silver,Paris,France,"#N/A","#N/A","#N/A",75251,"#N/A",2 Place Jussieu,4253,"#N/A","#N/A",PYR,"#N/A",Customer - Channel,Maybe,www.pyramid.com,"#N/A"
